,Title,Datetime,Score
0,,1 year ago,686
1, I bet your ass must be very envious of the sheer amount of shit that can come out of your mouth  .,1 year ago,322
2,1 1 1 1 1,1 year ago,275
3,12 out of 10 dentists agree someone is using bad math,2 days ago,465
4,2020 will be remembered not for how many people died but for how many people used leafs as toilet paper,20 hours ago,7
5,3.14 of sailors are rates.,6 months ago,360
6,42.63 of all statistics are made up on the spot,3 months ago,321
7,"50 quid to join a pottery class, do I look like a mug",1 month ago,6
8,63 Earths can fit inside Uranus. 64 if you relax.,1 year ago,336
9,7 days of anal can make your hole week.,2 months ago,10
10,70 off means a great deal to me.,2 months ago,11
11,79 of accidents happen at home good news for the homeless.,2 months ago,386
12,9 out of 10 dermatologists agree that towels are the leading cause of dry skin.,2 years ago,238
13,"9 times out of 10, if you hear a pun come out of my mouth then its absolutely intended, but if the 10th one doesnt make you laugh, then no pun in ten did",5 days ago,12
14,A blind person was eating seafood. It didnt help.,2 months ago,278
15,A cold blooded killer killed another lizard,2 months ago,33
16,"A cowboy walks into a German car showroom and says, Audi",9 months ago,319
17,A cure for premature ejaculation cant come soon enough.,19 days ago,361
18,A desserter abandoned his diet,1 month ago,324
19,A dung beetle walks into a bar and asks Is this stool taken,29 days ago,618
20,A fortuneteller predicted that someone was about to swindle me out of my money.,11 months ago,35
21,A friend once gave me an empty can of silly string. It was a gift with no strings attached,2 months ago,4
22,A frozen bottle of water should be allowed on a flight since its not a liquid.,21 days ago,4
23,A gathering of golfers and prison inmates would have pros and cons.,1 month ago,29
24,A good limbo dancer lowers the bar for everyone else.,10 months ago,294
25,A group of necrophiliacs draw straws.,22 days ago,4
26,"A guy was running around with glitter on his balls, It was pretty nuts.",9 months ago,337
27,A lighthouse is actually very heavy.,1 year ago,428
28,A logic fetishist came to a conclusion.,9 months ago,59
29,"A lot of people worry about being buried alive, but thats really a miner problem.",1 year ago,410
30,A nine year old girl has disappeared after using moisturizer that makes you look ten years younger.,1 year ago,403
31,A one armed man walks into a second hand shop.,9 months ago,289
32,"A penny saved is more than a penny earned, because a penny earned is taxed.",1 month ago,14
33,"A photon checks into a hotel, is asked if he needs any help with his luggage and replies, No, Im traveling light.",1 year ago,291
34,A plateau is the highest form of flattery.,12 days ago,35
35,A pole sticking out the side of a wall is a reverse gloryhole,18 days ago,0
36,A politician is someone who molests the government,1 month ago,7
37,A proctologists profession really sucks because they have to work with assholes all day and the pay can be shitty.,3 days ago,5
38,A recent study has found that women who carry a little extra weight live longer than the men who mention it.,9 months ago,353
39,A sadomasochist gets excited when someone tells them that theyre going to hell,29 days ago,5
40,A semicolon broke the law it was given two consecutive sentences.,1 year ago,328
41,A smile is the best makeup any girl can wear.,3 days ago,0
42,A soul can be wiped clean with toilet paper,13 days ago,7
43,A struggling magician might resort to pulling their hare out.,10 days ago,53
44,A voice in my head wont let me take off my headphones,1 month ago,259
45,"Accordion to a recent survey, replacing words with the names of musical instruments in a sentence often goes undetected.",5 months ago,23
46,Accountants often appear dour as they dont want to be seen laughing at your expense.,1 month ago,8
47,After being told to watch my language I bought a foreign film with English subtitles.,2 months ago,215
48,"After the death of Steve Irwin they had to cancel his range of sun creams, they just didnt protect from harmful rays.",7 months ago,238
49,After winning the game I decided to throw the ball into the crowd like they do on TV but apparently thats unacceptable in Bowling.,11 months ago,357
50,After you left I was the one left.,3 months ago,52
51,"Ah, the Nobel Peace Prize... Id kill to win that.",5 months ago,266
52,Alcohol is a solution,7 months ago,238
53,"All countries got Coronavirus eventually, but China got it right off the bat.",7 hours ago,10
54,All dairy cows have a significant udder.,1 month ago,9
55,All food either goes to waste or waist.,1 month ago,30
56,All forks are tiney,29 days ago,4
57,All generalizations are wrong.,3 hours ago,2
58,All my Ex Machinas live in Texarkana,2 months ago,3
59,"All my internal organs got placed mirrored by birth, but at least my heart is on the right side.",14 days ago,9
60,All of these capitalists are making some letters bigger than others,2 months ago,16
61,All of these trashtag challenge posts are litterally changing my view of the world.,8 months ago,207
62,"All red wine is mulled wine, if you think about it.",1 year ago,209
63,"All shoes are running shoes, when you have diarrhea.",8 months ago,26
64,All the money I give to my insurance guy and he has the audacity to call himself broker.,3 months ago,269
65,Alphabetical should be spelled,8 days ago,18
66,"Always remember youre unique, just like everyone else.",26 days ago,48
67,"Always use a condom when having phone sex, or you might get hearing aids.",4 months ago,362
68,Always writing my name in cursive is my signature move.,1 year ago,389
69,An unsuccessful limbo dancer walked into a bar...,1 month ago,42
70,"And just then, it all came back to me... As I peed in the wind...",14 days ago,15
71,Anorexics must be starving for attention,5 months ago,141
72,Antivaxxers are nothing to sneeze at.,25 days ago,23
73,Any salad can be a Caesar salad if you stab it enough.,1 month ago,24
74,"Apparently if you cant aim properly, urinal lot of trouble.",8 months ago,26
75,"Apparently it costs 1,500,000 to climb Mount Everest...which in my opinion, is a bit steep.",1 year ago,444
76,Approaching the New Year and Ive got 2020 vision,3 months ago,117
77,"Are there a lot of firstperson singular objective pronouns, or is it just me",1 year ago,240
78,Are walking trails at mental institutions called psychopaths,5 months ago,250
79,Are you COVID Cause youre 19 and i could easily spread that,4 days ago,8
80,Are you a cigarette Cause I want to get you lit and put your butt in my mouth,8 months ago,28
81,"As I put the car in reverse, I thought This takes me back.",15 days ago,458
82,"As I watched the dog chasing his tail, I thought, Dogs are easily amused, then I realized I was watching the dog chasing his tail.",1 year ago,325
83,"As a dermatologist, I didnt expect my patient to have such thick skin.",22 days ago,6
84,"As a short person, I get looked down on",2 months ago,15
85,Asian Oneliner....,24 days ago,0
86,At Turdburgler Farms we use 100 stolen fertilizer,5 months ago,25
87,"At any given moment, the urge to sing, The Lion Sleeps Tonight is just a whim away, a whim away, a whim away.",1 year ago,690
88,"Australians dont have sex, Australians mate.",2 months ago,441
89,Avoiding dangling prepositions is something I am really good at.,1 day ago,5
90,Beethoven wrote nine symphonies and not one wrote back.,1 month ago,19
91,Being human is really just getting old,3 hours ago,6
92,Being pansexual means my Myers Briggs test result says Im a LGBT.,19 days ago,6
93,Best place to meet someone with a smoking hot body is the burn ward at the hospital,7 months ago,263
94,Biden likely hasnt had a capital D in years,22 hours ago,1
95,Blind people hate skydiving because it scares the hell out of their dogs.,1 year ago,215
96,Both of my feet are legends,2 months ago,34
97,Braille really shouldve been called Blind Spots.,2 months ago,305
98,Calling your mother an asshole makes you a piece of shit.,10 months ago,422
99,"Camouflaged condoms, shell never see you coming",5 months ago,171
100,Castration takes balls,4 months ago,253
101,"Chandeliers... Eh, not a fan",22 days ago,65
102,"Checked out a nudist camp today, but the sign said Clothed till May.",11 months ago,281
103,Childlessness is hereditary.,29 days ago,6
104,Choirs use their vocal cords to make vocal chords,12 days ago,59
105,"Christ died for our sins, so lets not disappoint him.",2 months ago,18
106,Clones are people two.,2 months ago,421
107,Cocaine,11 days ago,4
108,Communist jokes are only funny if everyone gets them.,12 days ago,600
109,Condoms are for fucking pussies.,11 months ago,364
110,Confessions at church must be a real pain in the ass for little boys,22 days ago,19
111,Conspiracy to make balls earth shaped,2 months ago,6
112,Coronavirus is what I used to call in sick with instead of saying beer flu.,1 month ago,345
113,Cows have hooves instead of feet because they lactose.,1 year ago,523
114,"Create a new digital assistant named Bob, and have the marketing go No Siri, Bob",1 month ago,12
115,D.B. Cooper became the richest and most famous skydiver with a single jump.,25 days ago,7
116,DO NOT TOUCH must be one of the most terrifying things to read in braille.,1 month ago,988
117,"Dark humor is like food, not everybody gets it",4 months ago,95
118,"Death can never be a formality, its a casualty.",1 month ago,9
119,Diarrhea is hereditary,1 month ago,5
120,Did you know gullible isnt in the dictionary,12 days ago,7
121,Did you know vampires are not real Unless you Count Dracula,4 months ago,28
122,Dietary fiber is the shit,10 days ago,13
123,"Disappointed, but not surprised, I was once again the only one at Solipsists Anonymous.",4 months ago,141
124,Do Claustrophobics listen to Trap music,10 months ago,257
125,Do Siamese twins suffer from joint pain,5 months ago,24
126,Do little people have earlier bedtimes than us,24 days ago,0
127,Do you think Colin Josts parents are cool with his interracial marriage,1 month ago,0
128,"Does an agnostic, dyslexic insomniac stay up all night wondering if there is a dog",2 months ago,200
129,"Dont be the same ,be better.",4 days ago,1
130,Dont eat animal crackers if the seal is broken,23 days ago,379
131,Dont let anyone tell you what to do.,2 months ago,255
132,"Dont tell anytwo, but I suck at math.",7 months ago,30
133,Dont you hate it when people answer their own questions I do.,6 months ago,310
134,Dozens of dollars lost in massive ramen heist.,1 year ago,253
135,"Duct tape cant fix stupid, but it can muffle the sound of it.",6 months ago,29
136,"Dumb people work, smart people die finding a way to never do even one tiny lil bit of work in their life",1 month ago,0
137,"Earth, Wind, and Fire needs to play a concert with Heart and Aqua, so they can finally summon Captain Planet.",6 months ago,197
138,Eating a clock is very time consuming.,1 month ago,22
139,Either youre not retarded or youll never know,18 days ago,10
140,Elevators drive me up the fucking wall,1 hour ago,0
141,"English puns make me feel numb, but math puns make me feel number.",1 year ago,588
142,Every day is bring your kid to work day in China.,9 months ago,241
143,Every novel is a mystery novel if you never finish it,1 month ago,348
144,"Every pizza is a personal pizza, if you believe in yourself.",8 days ago,338
145,"Every year, hundreds of students enrol in mime school, never to be heard from again.",2 years ago,264
146,Everyone gives flatearthier grief but theyre just ahead of the curve,11 months ago,140
147,Everything is a smoke machine if you use it wrong enough.,2 months ago,557
148,Excuse me while I lick the blood on the inside of my tongue,1 month ago,0
149,Explaining to a child that were mortal and that death is inescapable is probably for me the hardest part of being a party clown.,6 months ago,269
150,FYI An erection is not considered personal growth,1 month ago,69
151,Farmers dont give a shit but they do buy and sell it,1 year ago,223
152,Farts are just the ghosts of the things we have eaten.,8 months ago,336
153,Five out of six scientists recommend Russian roulette.,1 year ago,297
154,Floppy disks are like Jesus they died to become the icon of saving.,3 months ago,319
155,Foosball is a combination of soccer and shish kabobs.,1 month ago,21
156,"Frankly autocorrect, Im getting tired of your shirt",1 year ago,229
157,Friends are like snowflakes. They disappear when you pee on them,8 months ago,57
158,Furniture sales people hate it when you refer to the ottoman displays as stool samples.,1 month ago,22
159,Geologists rock,1 month ago,39
160,Getting your shit together is a direct violation of the Law of Entropy.,13 days ago,386
161,Giraffes know how to make a little food go a long way.,15 days ago,37
162,God gave me the keys to his kingdom so tomorrow night we are gonna sneak in and rob him,1 month ago,2
163,Going to church doesnt make you a Christian any more than standing in a garage makes you a car.,11 months ago,268
164,Good camo pants are hard to find.,7 months ago,377
165,"Gravity is one of the most fundamental forces in the universe, but if you remove it, you get gravy.",4 days ago,845
166,Greed bless you,2 days ago,3
167,"Green is my favorite color, I love it more than blue and yellow combined.",2 years ago,228
168,Growing up is getting old.,5 months ago,279
169,Guy tried to sell me a ticket with a chance to win so I offered him an amount of money for it whatever amount is in my left hand he will find out after the trade for a chance,1 month ago,0
170,"Guys, if having a dad bod is in, does that mean that youre more attractive if you have a father figure",11 months ago,254
171,HERMITS UNITE,2 days ago,0
172,Hanging yourself is a breathtaking once in a lifetime experience,10 months ago,253
173,Hard work will never hurt you as long as you watch it from a safe distance.,1 year ago,302
174,"Have u seen the film about the tractor, because ive only seen the trailer",10 months ago,27
175,Have you ever heard the story about the blind carpenter that picked up his hammer and saw,8 months ago,197
176,Having erectile dysfunction cant be that hard,8 months ago,381
177,He who smiles in a crisis has found someone to blame.,1 month ago,9
178,"Hes had the clap so many times, its more like applause by now.",5 days ago,6
179,"Hey bartender, I had a shitty day and need a little fuck me up.",1 month ago,1
180,Hinduism is the most peaceful religion because they never have beef.,9 hours ago,3
181,Hope my knuckle replacement goes well tomorrow fingers crossed,16 days ago,3
182,How I Met Your Mother was the longest Ted talk ever.,2 years ago,530
183,How long is a Chinese man.,9 months ago,220
184,How much XP can I get for killing the mood,8 months ago,277
185,Human clones arent very original.,11 months ago,214
186,I accidentally stumbled upon a fetish website. It was fucking shit.,18 days ago,373
187,I accidentally swallowed a bunch of Scrabble tiles. My next trip to the bathroom could spell disaster.,1 year ago,313
188,I advertised a ghost tour for my city and then didnt show up.,7 months ago,177
189,I agree to your terms but not your conditions,1 month ago,8
190,I aint the brightest book in the shed.,1 year ago,217
191,I am a failure of a Leftist I cannot do anything Right.,1 month ago,8
192,I am once again back in the hospital for my Narcissism treatment. I always seem to check myself out.,2 months ago,8
193,"I asked this beautiful woman if I could take her home, and she said yes, so were foreclosing her mortgage next week.",2 years ago,228
194,I ate aluminium foil once. For days after that all i could do was sheet metal.,1 month ago,48
195,I ate four cans of alphabet soup and just had the biggest vowel movement ever.,1 year ago,354
196,I became a good person and went to heaven just so i could give god what he has coming.,2 months ago,1
197,I became a war hero by not joining the military,26 days ago,5
198,I bet when cannibals go on a diet they order the chef salad,7 days ago,43
199,"I bought a dog off a blacksmith today and as soon as I got it home, it made a bolt for the door.",1 year ago,456
200,"I bought my friend a get better soon card. He isnt ill, I just think he could do better",1 year ago,297
201,"I bought my grandchildren some crayons and I have to say, they make my kin scrawl.",5 months ago,263
202,"I bought some antipoop glasses, but now I cant see shit.",4 months ago,319
203,"I bought the worlds worst Thesaurus the other day. Not only is it bad, its also pretty bad.",1 month ago,11
204,"I broke my finger last week. On the other hand, Im okay.",3 months ago,340
205,"I broke my finger, but on the other hand Im fine.",3 months ago,34
206,I broke up with my gym we were just not working out.,1 month ago,34
207,I built a stair case without planning permission council said i took it a step too far,16 days ago,15
208,I cannot even begin to explain how bad my communication skills are.,1 month ago,26
209,I cannot stand being fat.,1 month ago,357
210,I cant believe I got fired from the calendar company for taking a day off,1 month ago,11
211,I cant believe the fired me at the clock factory after all the extra hours I put in.,4 months ago,326
212,I cant do a one night stand... I have to get two or else my bedroom would look uneven,1 month ago,19
213,I cant find my hideandseek manual.,1 month ago,309
214,I cant leave for work without my jumpstart battery.,13 days ago,0
215,"I cant remember where I put my boomerang, Im sure it will come back to me.",2 months ago,10
216,I cant stand action figures with no feet,18 days ago,27
217,I cant stand paraplegics.,9 days ago,4
218,I cant think of a single person whos in a relationship.,2 years ago,217
219,I cant wait to see my wifes face light up when she opens the fridge I got her for Christmas.,2 months ago,309
220,I cant write a Batman joke to save my parents life.,9 months ago,28
221,"I could tell my waiter was losing his balance, but I decided to let the chips fall where they may.",4 days ago,9
222,I crack good drug puns.,22 days ago,348
223,"I decided to give the Whisky diet a try, Ive lost three days already.",5 months ago,181
224,"I despise Russian dolls, theyre way too full of themselves.",1 month ago,484
225,"I didnt get a good look at the guy who stole my car, but I managed to write down the license plate number.",1 year ago,387
226,"I didnt think Id like my sisters new boyfriend, the hockey player, but it turns out hes a keeper.",1 month ago,4
227,I do public relations work for a company that sells bicycle wheels. Im also their spokes person.,1 month ago,426
228,I dont do one line jokes I just make people laugh with as few words as possible.,4 hours ago,1
229,I dont know about you but I think Climate Change is just a load of hot air.,1 month ago,9
230,"I dont know what shams are, but I think its weird that we put their poo in our hair.",10 months ago,164
231,"I dont like cocaine, I just like the smell of it.",1 month ago,501
232,"I dont like the term grammar nazi, its just not comparable, there werent any punctuation camps or caps chambers.",3 months ago,221
233,"I dont mean to be offensive, but I really love all stereotypes boomboxes are my favorite.",1 year ago,254
234,I dont trust stairs... they always look like theyre up to something.,1 year ago,258
235,"I dont wear glasses anymore, Ive seen enough.",24 days ago,6
236,"I dropped my toothpaste said John, crestfallen.",9 months ago,30
237,"I feel like this is destined to be our year, said the keynote speaker at the conference of ophthalmology.",2 months ago,2
238,I find it strange how everyone suddenly cares about straws killing dolphins because theyve been breaking camels backs for years.,5 months ago,34
239,I find proctologists to be a pain in the ass.,7 days ago,6
240,I googled cigarette lighter and got 2000 matches.,3 months ago,423
241,"I googled how to start a wildfire and I got 50,000 matches.",1 year ago,351
242,I got god a christmas present that I sin 10 less for a year and i got the devil a present that I sin 10 more in that same time,1 month ago,0
243,I got in touch with my inner self today. Thats the last time Im buying 1ply toilet paper,1 year ago,282
244,I got into a fight with some guy on a moving staircase yesterday,2 months ago,0
245,I got mugged by six dwarves last night. Not happy.,1 year ago,353
246,"I had a 3way last night, everything came together nicely in spite of 2 noshows.",6 months ago,223
247,I hate conspiracy theories and actually think theres a group of people creating them just to annoy me.,5 months ago,288
248,"I hate having ADHD, one second your doing something and the",2 months ago,264
249,I hate it when ice sculptures give me the cold shoulder.,1 month ago,15
250,I hate peer pressure and you should too,6 months ago,325
251,I hate those people who bang on your door and tell you how you need to be saved or youll burn. Stupid firemen,11 months ago,587
252,I hate when books end on a,11 months ago,33
253,I have a Polish friend who has a job as a sound engineer and I have a Czech one too.,2 years ago,218
254,I have a beard. a baldfaced liar,1 month ago,18
255,I have a bumper sticker that says Honk If You Think Im Sexy so I just sit at green lights until I feel better about myself,11 months ago,307
256,"I have a close friend who really likes to wear camo, I havent seen him in years.",4 months ago,30
257,"I have a fear of speed bumps, but Im slowly getting over it",2 years ago,255
258,I have a killer joke about mob lynching...,1 month ago,3
259,I have a lions heart,1 month ago,4
260,I have a pen that can write underwater as well as other words too.,8 months ago,423
261,I have a problem with my budget its not going cheap,5 days ago,5
262,I have a really intense phobia of negative numbers. Ill stop at nothing to avoid them.,4 months ago,393
263,I have a recurring dream where I divide 10 by 3.,1 month ago,474
264,I have a song about glue stuck in my mind,2 months ago,34
265,"I have a theremin at home, but I havent touched it in years",1 month ago,335
266,I have issues when it comes to comic book subscriptions,17 days ago,486
267,I have more issues than Times magazine.,19 days ago,17
268,I havent had a single drink all day. Theyve all been doubles.,8 months ago,308
269,"I havent heard any trickortreaters, knock on wood.",2 months ago,3
270,I havent owned a watch for I dont know how long.,7 months ago,284
271,"I havent slept for 10 days, because that would be too long.",3 months ago,33
272,"I hope Elon Musk never gets involved in a scandal, because Elongate, would be really drawn out.",1 year ago,332
273,"I just burned 2,000 calories. Thats the last time I leave brownies in the oven while I nap.",2 years ago,375
274,I just cant see myself wearing camouflage,5 months ago,278
275,"I just deleted all German names off my phone, its now hans free",1 year ago,217
276,I just found out that Im colourblind. It came totally out of the purple,2 months ago,438
277,I just gave away all of my dead batteries free of charge.,7 months ago,309
278,I just got back from China I feel pretty disoriented.,1 year ago,456
279,"I just got fired from my job at the bakery, which is upsetting cause I really kneaded the dough.",2 years ago,259
280,I just opened my electric bill and water bill at the same time and was completely shocked.,2 years ago,375
281,I just ordered 2000 lbs of won ton soup.,2 years ago,214
282,I just saw some idiot at the gym put a water bottle in the Pringles holder on the treadmill.,1 year ago,661
283,"I just spotted an albino Dalmatian, I mean, it was the least I could do.",1 year ago,476
284,"I know a guy who used sell primates for a living, but the government put a stop to his monkey business",1 day ago,10
285,I know everything about the DunningKruger effect,1 month ago,16
286,"I learned so many new phrases while attending university, like hyperbolic functions, binary fission, failed exam, retaking courses, last chance, self medication, seething depression and suicide hotline.",16 days ago,444
287,I like to make flatbread jokes naan stop,5 months ago,30
288,I like to shit with the door open because it keeps people from getting into the elevator with me.,1 month ago,403
289,"I like what mechanics wear, overall.",8 months ago,240
290,I looked up my family tree and found out I was the sap.,10 months ago,38
291,I lost all my weed in a series of small fires.,2 years ago,217
292,I love eating fastfood better than sex. Thats because I can buy fastfood zon almost every corner.,6 days ago,1
293,I love my dog but his mom is a bitch.,22 days ago,29
294,"I love to tell dad jokes, and sometimes he laughs.",1 year ago,217
295,I met a drunk ventriloquist who said she wanted to sleep with me but I didnt know whether it was her or the beer talking.,8 months ago,333
296,"I met someone online who shares my fetish for urinating on dried fruit, so were going to go on a date next week.",2 years ago,377
297,"I missed my bus talking to a burrito vendor, he just couldnt wrap it up",1 month ago,30
298,I must be an awful person to paraplegics because they cant stand being around me.,28 days ago,11
299,"I named my eraser Confidence, because it gets smaller after every mistake I make.",8 months ago,668
300,I need to buy a watch but i dont have the time,1 year ago,225
301,I never thought that our death would be Made in China,12 days ago,10
302,I once baked brownies with laxatives in them and all my coworkers lost their shit over it.,10 days ago,68
303,I once knew a guy who broke the rules without breaking the rules by just saying  ,11 days ago,1
304,"I once met a guy called Christmas, he was named after his navidad.",1 month ago,2
305,"I once ordered a plate of pasta and a plate of antipasti, and the order canceled itself out.",29 days ago,21
306,I once threw a dart at a rodeo and got a bullseye,10 days ago,413
307,I once took a shit in a public restroom. The guy who left it was weirded out by that.,6 months ago,29
308,I participated in an anal sex competition and came in turd.,19 days ago,386
309,I pay my accountant to cook the books not burn them,6 days ago,4
310,I put the sexy in dyslexic,14 days ago,786
311,"I quit drinking yesterday. Come to think of it, I quit drinking every day.",6 months ago,165
312,I race horses but they always win,14 days ago,8
313,"I read my favorite bible verse everyday, Lunch 1135",28 days ago,17
314,I read that by law you must turn on your headlights when its raining in Sweden but how the fuck am I supposed to know when it is raining in Sweden,1 year ago,424
315,I really dont like the term anal bleaching and would much rather call it changing my ringtone.,6 months ago,25
316,"I really like Switzerland, the flag is a big plus.",1 month ago,161
317,"I recently switched the nm keys on the school computers, some may say Im a monster, others might say Im a nomster",7 days ago,73
318,"I remember the last thing my dad said to me...be careful son, the safety is off.",14 days ago,33
319,"I rushed to the hospital when I heard that my cousin could neither walk nor speak, but apparently, all newborns are like that.",7 months ago,313
320,"I should have been sad when my flashlight batteries died, but I was delighted.",2 years ago,224
321,I singlehandedly watched thousands of hours of porn,2 months ago,477
322,"I smoke weed in all kinds of weather, but, I just dont in hail.",4 months ago,311
323,I spotted an albino dalmatian today.,2 months ago,10
324,"I stand corrected, said the man in his orthopedic shoes.",2 years ago,247
325,I started as a corporate idiot and worked my way up to having just a corporate learning disability,29 days ago,7
326,I stole a toilet from the police station. The cops have nothing to go on.,6 months ago,31
327,I stopped making jokes about short people once I realised that thats beneath me,2 months ago,6
328,"I suffer from kleptomania, but when it gets bad I take something for it.",1 year ago,305
329,I suppose snipers miss their loved ones.,1 year ago,272
330,I sure was relieved when the wind scattered my pile of raked leaves,13 days ago,4
331,I swam with dolphins yesterday and it was fantastic we just clicked,11 months ago,220
332,"I think I have commitment issues, but Im not sure.",21 days ago,25
333,I think freezing to death would be a cool way to die.,1 year ago,324
334,I think lumber jacks were disappointed when they attended Woodstock,8 days ago,17
335,I think one of my dads is gay.,2 years ago,249
336,I think one of my dads might be gay.,2 years ago,255
337,"I think there are about 12 million baseball fields in the world, but thats just a ballpark number.",2 years ago,206
338,I think there is a chance I might be insecure.,10 months ago,113
339,"I thought I saw a sausage fly past my window, but it was just a seabird. I think Ive taken a tern for the wurst.",8 months ago,59
340,"I thought I spotted a leopard once, but it turns out theyre born like that.",9 months ago,370
341,"I thought about doing some yoga, but then thought, Thats a bit of a stretch.",1 year ago,277
342,"I thought becoming a comedian like my estranged dad would get us closer, but he didnt want to see one of his mistakes making one of his mistakes.",2 months ago,199
343,I thought they were giving out wigs for free but apparently you have toupee.,8 months ago,324
344,I tied all of my spaghetti together whilst I was drunk last night and ended up skipping dinner.,7 months ago,66
345,I told my doctor that I broke my arm in two places. He told me to stop going to those places.,2 years ago,269
346,"I took a sip of my friends Earl Grey, but it wasnt my cup of tea.",9 months ago,240
347,I took a test to see if I had a kidney stone. I passed it.,5 months ago,25
348,I totally understand how batteries feel because Im rarely ever included in things either.,2 years ago,282
349,"I tried teaching my dog how to dance, but it turns out, hes got 2 left feet.",1 year ago,330
350,"I tried to be an actor, but I was living a lie.",23 days ago,6
351,"I tried to be nice by holding the door open for a girl but apparently, chivalry doesnt apply to bathroom stalls",10 months ago,426
352,I tried to buy a hotdog with ketchup but the vendor would only accept cash.,1 month ago,441
353,"I tried to start a group for guys with Erectile Dysfunction, but nobody was up for it.",9 months ago,328
354,I used to be a lifeguard until some blue kid got me fired.,7 months ago,160
355,I used to be funny.,1 month ago,0
356,I used to be indecisive but now Im not so sure,5 months ago,267
357,"I used to be indecisive, but now Im not so sure.",3 months ago,37
358,"I used to hate pimples, but they grew on me.",1 month ago,387
359,"I used to work in a theatre, sadly the doctors just couldnt appreciate my acting skills.",2 months ago,20
360,I visited the antique computer store to bring back the old memories.,1 year ago,210
361,I want to open a barber shop in the hood and call it Gang Bangs.,8 months ago,320
362,I want to open a male strip club featuring Asian men in Mexico called Seor Dong.,7 months ago,143
363,"I want to start a professional hide and seek league, but good players are so hard to find.",2 months ago,47
364,"I want to start an airline that caters for fat people, but I dont think itll take off.",16 days ago,14
365,"I wanted to marry my English teacher when she got out of jail, but apparently, you cant end a sentence with a proposition.",1 year ago,850
366,I wanted to start a game of hide  seek but finding people was impossible.,27 days ago,17
367,I was attacked by a group of mimes and they did unspeakable things to me.,2 years ago,530
368,I was born at a very young age.,4 months ago,268
369,"I was going to make a joke about sodium and hydrogen, but NaH..",7 days ago,480
370,"I was going to pay my neighbor a visit, but Im on the fence about it.",24 days ago,6
371,"I was going to quit stealing board games, but there was one last Risk I was willing to take.",1 month ago,27
372,I was gonna tell a time travelling joke but you guys didnt like it,2 years ago,1100
373,"I was hitting on this hot girl and she says, The thing that I love is... and I interrupted, when people finish your sentences",1 month ago,2
374,I was immediately fired at my new job as a human cannon ball,1 month ago,450
375,"I was lonely and looking for a bit of company, so I bought some stocks.",2 months ago,11
376,I was once employed as a designer of cul de sacs. Turned out though to be a dead end job.,8 months ago,55
377,"I was picking up some dog poop in the park today and thought to myself, I really should get a dog.",1 year ago,229
378,I was recently caught masturbating inside of a hospital. I told them I was just having a stroke.,6 months ago,198
379,I was recently let go as an organ courier. Heart wasnt in it.,1 month ago,114
380,I was that kid in high school who would always ask the teacher When are we ever going to use this in real life in Sex Ed.,2 years ago,212
381,"I was trying to learn how to snap my fingers, and then it clicked",26 days ago,10
382,"I was trying to remember the name of that Italian dessert where you pour espresso over ice cream, but affogatto.",1 month ago,10
383,"I was wondering why the ball kept getting bigger, and then it hit me.",4 months ago,198
384,I was wondering why the ball was getting bigger and then it hit me.,1 month ago,48
385,"I wear a balaclava to bed so if theres a home invasion, theyll think Im part of the team.",1 month ago,5
386,I went to Wuhan and got sick right off the bat,1 month ago,20
387,"I went to a German massage parlor today and I must say, the whole experience was pretty hans on.",1 day ago,1
388,I went to a brothel where their motto is The customer comes first.,1 month ago,10
389,I went to a family restaurant and they refused to serve me a family.,18 days ago,375
390,"I went to a wedding on the weekend, and it was so emotional that even the cake was in tiers.",6 days ago,524
391,"I went to the park to play Frisbee with my son, but hes not very aerodynamic",5 months ago,300
392,I wished for bitches so the genie gave me all the men I ever called that,2 months ago,0
393,I woke up screaming this morning. My apologies to everyone in the staff meeting.,1 month ago,77
394,I wonder if Microsoft has an open office policy...,13 days ago,6
395,I wonder if Whoopi Goldbergs parents realized the irony when they made whoopie.,17 days ago,18
396,I wonder if colorblind people read Colorado as just ado.,10 months ago,33
397,I wonder if gun manuals have a troubleshooting section.,1 year ago,409
398,I wonder if my vets receptionist realizes how many peoples passwords she knows,2 years ago,258
399,I wonder if the guy who coined the term One Hit Wonder came up with any other phrases.,2 years ago,574
400,I would say a joke about time travel but you didnt like it,10 months ago,111
401,"I, for one, like Roman numerals",8 months ago,298
402,"I, for one, like Roman numerals.",8 months ago,298
403,"Id blame my problems on earthquakes, but itd be a faulty assertion.",1 day ago,4
404,Id give an arm and a leg to be a cripple,2 months ago,9
405,Id give my right arm to be ambidextrous.,11 months ago,238
406,"Id like to have more selfesteem, but I dont deserve it. ",2 months ago,301
407,Id like to start dieting but Ive got too much on my plate.,7 months ago,25
408,"Id never refuse a strangers money, even if you paid me.",1 month ago,412
409,"Id not heard of the BaaderMeinhof phenomenon until recently, and now Im seeing references to it everywhere.",1 month ago,5
410,Id tell you one of my selfdeprecation jokes but none of them are any good.,1 year ago,242
411,If 4 out of 5 people SUFFER from diarrhea does that mean that one enjoys it,1 year ago,347
412,If Barbie is so popular then how come you have to buy all of her friends,14 days ago,24
413,"If I had a choice between ending world hunger or watching a mountain lion perform a guitar solo, everybody would eat but Id regret it forever",17 days ago,12
414,If I had a dime for every time I showed myself to be bad at maths Id have like 93 cents.,6 months ago,287
415,"If I offer to do something for you in exchange for calamari, thats known as a squid pro quo.",25 days ago,6
416,"If a blind prostitute tells you that youre hung, shes probably pulling your leg.",1 year ago,235
417,"If a blind prostitute tells you that youre the biggest shes ever felt, she might be pulling your leg.",3 months ago,427
418,"If a corporation is a person, then Enron employees killed people",1 day ago,1
419,"If a drug dealer can be arrested for impersonating a cop, then a cop should be arrested for impersonating a dealer",2 months ago,3
420,"If anyone has a good way of clearing ear wax, give me a shout.",9 months ago,212
421,"If anyone is wanting to send a rocketship to Uranus, they better plan on buying you dinner first.",7 days ago,2
422,"If anyone wants to come and talk about why my stuff keeps getting stolen, the door is always open.",5 months ago,62
423,"If at first you dont succeed, dont give up, go back and do it the way your wife told you to do it.",1 month ago,30
424,"If at first you dont succeed, sky diving isnt for you.",1 year ago,306
425,"If at first you dont succeed, skydiving is not your sport.",10 months ago,40
426,If birds without a beak take ocer the world it would be Impeccable,2 months ago,3
427,"If calcium helps your bones, does white stuff make more white stuff.",10 days ago,3
428,"If every letter t was silent, wed never hear the end of it.",1 year ago,588
429,"If everyone in the world was right handed, then there would be nobody left.",5 months ago,44
430,If humans had to build their houses like spiders I would literally shit bricks.,10 months ago,484
431,If i was god id change my name and have nothing to do with my past,1 month ago,4
432,If i were a superhero id be Hent Man,1 month ago,1
433,If it wasnt for Hershery I would get no hugs or kisses.,1 month ago,5
434,"If it werent for court dates, I wouldnt have any dates at all.",11 months ago,252
435,"If life gets you down, make a comforter",5 months ago,182
436,If light travels faster than the speed of sound then how come I can hear the guy in the BMW behind me honk before the light turns green,2 months ago,77
437,"If my wife made a dollar for every sexist joke I make, shed be 0.77 richer right now.",2 years ago,883
438,"If number 666 is evil, then 25.8069758011 is the root of all evil.",6 months ago,331
439,"If procrastination was an Olympic sport, Ill participate in the next one.",2 years ago,280
440,"If pronouncing my bs as vs makes me sound Russian, Soviet",2 years ago,407
441,"If someone ever tells me I dont know what Im talking about, I let them know I can neither confirm nor deny.",1 month ago,35
442,"If sportsmen get athletes foot, do fighter pilots get mistletoe",6 months ago,281
443,If the entire human population held hands around the equator a significant portion of them would drown.,1 year ago,232
444,If the fountain of youth is anything like a kids swimming pool its full of pee,18 days ago,2
445,"If the human body has two Is, how is multiple personality syndrome a disorder",4 months ago,98
446,If the invisible man stops by and asks for me tell him I cant see him.,3 months ago,37
447,"If theres one thing that makes me throw up, its a dart board on a ceiling.",3 days ago,891
448,If two dudes ride a tandem bike together are they both riding bitch,29 days ago,3
449,"If was a priest and you were a child, holy fuck.",2 months ago,9
450,If we canteloup lettuce marry,19 days ago,19
451,"If we tell people that the brain is an app, maybe they will start using it",1 month ago,6
452,"If you cry in the shower, it looks like youre extra good at crying.",26 days ago,27
453,If you dont believe in human perseverance you clearly havent seen a smoker trying to use a broken lighter.,6 months ago,231
454,If you dont own territory youre always an extra terrestrial,2 months ago,119
455,"If you ever miss 420 just wait until 422, because 422 is 420 too.",1 year ago,459
456,"If you get cold sores from sharing a light beer, does it count as corona virus",3 days ago,5
457,"If you have coronavirus, you should get limes disease to go with that.",1 month ago,68
458,If you need to self isolate spend it with some teenagers they are experts at that,1 day ago,6
459,"If you need to start a fire by rubbing two sticks together, make sure theyre the same because then, youll have a match.",8 months ago,354
460,If you read my autobiography from back to front its about a guy that hasnt sold a single copy of his book.,17 days ago,9
461,If you run in front of a car youll get tired...But if you run behind the car youll get exhausted,1 year ago,501
462,"If you suck on the trumpet, thats probably why...",12 months ago,90
463,"If you think quitting cigarettes is hard, try not being an asshole.",1 month ago,5
464,"If you thought swimming with dolphins was expensive, try swimming with sharks, itll cost you an arm and a leg.",7 months ago,279
465,"If you want a job in a moisturizer factory , you should apply daily",1 year ago,285
466,If you work at Microsoft you are using Microsoft office,2 months ago,217
467,"If youre applying to the Christian Mingle dating site, do not say youre Christian as fuck.",1 month ago,52
468,"If youre consumed with existential dread, dont be",1 month ago,9
469,"If youre ever trapped under the snow, try not to panic... just sit there and chill.",2 months ago,344
470,"If youre here for the yodeling lesson, please form an orderly orderly orderly orderly queue.",1 year ago,397
471,If youre not supposed to abuse Cough Syrup why does it come with a shot glass,11 months ago,333
472,"If youre worried that you might one day develop Alzheimers disease, you can just forget about it.",10 months ago,28
473,Im a big fan of wind turbines,1 month ago,4
474,Im a fan of roller coasters but they do have their ups and downs,2 months ago,39
475,"Im a huge procrastinator, but its a good thing cause Im also suicidal",2 years ago,239
476,"Im a scientist researching bestiality between humans and dogs, so if any of you have any questions for me, youll find me in my lab.",4 months ago,391
477,Im all for gay marriage  why should hetero people have all the misery,8 months ago,164
478,Im always nervous when a woman sees me naked for the first time that shell just scream and run out of the park.,27 days ago,25
479,"Im always right. Thought I was wrong once, but it turned out i was mistaken.",10 months ago,217
480,Im applying to guillotine school so I can ahead in life.,14 days ago,13
481,Im as straight as the lines on a gay pride flag.,2 months ago,290
482,Im getting so old that I have more back issues than a comic book store.,10 months ago,29
483,"Im going to play Marco Polo with myself in the shower, when I find myself Ill get out.",8 months ago,73
484,Im going to the international orgasm museum... Wanna come,20 days ago,21
485,Im guilty of confessing to meaningless crimes.,15 days ago,11
486,"Im here to self deprecate and chew bubble gum, and I forgot to bring gum because Im the worst.",1 year ago,430
487,"Im looking at the paper and wonder if anybody else notices this, people seem to be dying in alphabetical order.",9 days ago,2
488,"Im mediocre, and thats okay.",2 months ago,16
489,"Im not passive aggressive, unlike some people.",1 year ago,257
490,"Im not pretty bad, Im just an oxymoron.",3 days ago,2
491,"Im not sure what FOMO means, but I fear Im missing out on something.",9 months ago,61
492,Im not very good at following thr,2 months ago,5
493,"Im okay with smoking, alcohol and marijuana, but cocaine is where I draw the line.",10 months ago,587
494,Im on the fence about indecision,24 days ago,20
495,Im only capricious when I want to be.,3 days ago,2
496,"Im pretty sober, but Im even prettier when youre drunk.",1 year ago,258
497,Im probably the most humble person youll ever met.,6 days ago,2
498,Im seriously contemplating remarrying my ex wife but Im scared she will realize that Im just after my money,1 year ago,579
499,Im so tired of being exhausted,14 days ago,8
500,Im sub par at golf... Wait no im not sub par at golf,16 days ago,16
501,Im thankful for my fingers because I can always count on them.,23 days ago,495
502,"Im thinking of reasons to move to Switzerland, and the flag is a big plus.",11 months ago,182
503,Imagine having Aphantasia,23 days ago,20
504,"In Europe, Bigfoot is called Bigmeter",3 months ago,328
505,"In a Heat Death scenario, the entire Universe will be reduced to absolute zero temperatures. But dont worry  everything will be 0K.",6 months ago,44
506,In a noisy and crowded bar a Roman guy raises his hand and holds up two fingers and yells to the bartender five beers please ,3 months ago,36
507,"In high school, my math teacher called me average and that was mean.",9 months ago,371
508,"In most cases, cell phones wont crack when you drop them",9 months ago,549
509,"In the Marvel Cinematic Universe, Iron Man was the first FeMale to get a movie.",11 months ago,261
510,In the circle of life you can find happiness in every corner,1 month ago,167
511,"In the movie Hook, Tinkerbell came out as a big Pansexual.",23 days ago,5
512,Inventing a new language is rewording,25 days ago,34
513,Is Greta Thunbergs favourite movie MadAtGasCar,4 days ago,1
514,Is is possible to take epidermis from one persons buttocks and graft it to another Arse skin for a friend.,3 months ago,324
515,"Is it just me, or are there other personal pronouns",1 month ago,29
516,Is the s or the c in scent silent,29 days ago,13
517,Isnt it ironic that homelessness can be through the roof,13 days ago,7
518,Isnt it laconic,26 days ago,2
519,It takes a lot of balls to golf the way I do,11 months ago,50
520,It takes a lot of balls to golf the way I do.,9 months ago,280
521,It took me a long time to figure out Im a slow learner.,10 months ago,448
522,"It took me a while to become a trainer for rock bands, but eventually I had all the Kinks worked out.",6 months ago,73
523,It took my girlfriend years to admit that she had a stutter.,1 month ago,64
524,"It was such fun packing myself into a suitcase, I could hardly contain myself.",11 months ago,31
525,"It wasnt much fun having a broken neck, but now I can look back and laugh.",1 month ago,177
526,It would be so cool if we could reverse global warming.,7 months ago,322
527,"Its Pi Day, my birthday, but not my cake day.",2 days ago,0
528,"Its been so long since I had sex, I wear flipflops to remind me what it sounds like.",10 months ago,46
529,"Its easy to make holy water, just boil the hell out of it.",2 months ago,211
530,Its estimated half the world is below average,29 days ago,44
531,Its not difficult to be an insomniac I became one overnight.,1 year ago,224
532,"Its okay to marry your second cousin, as long as youre legally divorced from the first one.",23 days ago,23
533,"Ive accepted the fact that being cremated is my last hope for a smoking, hot body.",1 month ago,639
534,Ive been caught redhanded lying about the colour of my body parts.,1 month ago,364
535,Ive been diagnosed with a chronic fear of giants  feefiphobia.,8 months ago,70
536,Ive been going through a lot right now and cant seem to find a parking space.,5 months ago,396
537,Ive been prescribed antigloating cream. I cant wait to rub it in.,11 days ago,28
538,"Ive been referred to a doctor with severe migraines, hopefully hes feeling better by the time we meet.",1 year ago,205
539,Ive been trying to leave Rome for weeks but all the roads have this weird design flaw...,11 months ago,40
540,"Ive decided to go to the casino more, in order to be my bettor self.",4 days ago,3
541,"Ive decided to sell all my chiropractic magazines, I have lots of back issues.",8 months ago,56
542,Ive found an origami porn channel but its paper view only.,11 months ago,438
543,"Ive got two rulers one for good measure, and another for good measure.",7 months ago,25
544,"Ive just spent a 1000 on hiring a limousine,then found out it doesnt come with a driver, I cant believe I spent all that money and have nothing to chauffeur it.",1 year ago,459
545,"Ive just written a song about tortillas actually, its more of a rap.",2 months ago,10
546,Ive just written my first joke about tantric sex. Its been a long time coming.,9 months ago,186
547,"Ive made a website for depressed tennis players, but the servers are currently down.",1 year ago,520
548,"Ive never considered myself talented at all, but I just overheard the doctor say that he thinks Im moderately artistic",7 months ago,27
549,"Ive not slept for 4 days, because thatd be too long",7 months ago,222
550,"Jesus walks into a hotel, hands the receptionist three spikes, and asks, Can you put me up for the night",26 days ago,7
551,Jgermeister should be consumed in an elevator to lift up the spirit.,2 months ago,0
552,Jokes about communism arent funny unless everyone gets them,10 months ago,231
553,Jokes about communism arent funny unless everyone gets them.,10 months ago,444
554,Just found out that elbows is not Spanish for the bows.,16 days ago,8
555,Just got a boat load of toilet paper in fresh from china.,6 hours ago,1
556,"Just got pulled over for driving in the carpool lane, this cops gonna look like an  when I open the trunk.",1 month ago,71
557,Just heard an inmate with a stutter died in prison before he could finish his sentence.,8 months ago,445
558,"Just quit my job as a Ski Instructor.. when I started I was on top of the world, then it all went downhill.",23 days ago,11
559,"Just read Steven Tylers new Chinese cookbook, Wok This Way.",8 months ago,53
560,Just snorted my first line of coke so next line Ill join rtwoliners.,8 months ago,267
561,"Just so everybodys clear, Im going to put my glasses on.",1 year ago,383
562,"Justice is a dish best served cold because if it were served warm, it would be justwater.",12 months ago,501
563,Justice is best served cold because if it was served warm it would be justwater.,10 months ago,329
564,"Keep the Earth clean, it isnt Uranus",10 months ago,48
565,Keeping the bottom of your feet clean are your shoes sole purpose.,1 month ago,10
566,"Kill me once, shame on me. Kill me twice, shaman you.",1 year ago,225
567,Killing myself would be the last thing Id ever do.,6 months ago,78
568,Kleptomaniac evangelicalists take the Bible literally.,1 year ago,350
569,Knitting gives me right pins and needles,11 days ago,7
570,"Like most people my age, Im 45.",7 months ago,448
571,Listening to people lecture me about how suicide jokes are offensive makes me want to kill myself,1 year ago,264
572,Looking at Medusa makes me hard.,1 year ago,230
573,"Losing the bet meant I had to grow a soul patch, but I took it on the chin.",4 days ago,2
574,Love it.,7 days ago,2
575,"Luck is getting the chance to sell yourself. After that, you need to have talent",13 days ago,2
576,Make sure to use protection when having phone sex. I didnt and now I have hearing aids.,1 year ago,222
577,"Male actors wear make up, so... maybe youre not ugly, just poor.",1 month ago,1
578,"Mark my words, I will be edited.",5 days ago,5
579,Maybe in 9 months were gonna have a baby boom but in 3 months were gonna have a divorce boom.,11 hours ago,426
580,Me learning to play the kazoo is humming right along.,23 days ago,3
581,"Mike Tyson once watched Breaking Bad, he thought it was pretty methed up.",1 year ago,388
582,Moderation is key,1 day ago,1
583,Monday is an awful way to spend 17th of your life.,9 months ago,95
584,Money talks...but all mine ever says is goodbuy.,5 days ago,17
585,Morning Wood is just waking up in the middle of dick diagnostics.,19 days ago,8
586,Most people are shocked when they find out how incompetent I am as an electrician.,4 months ago,504
587,"Most people think that trexes cant clap because they have short arms, but really its because they are dead",11 months ago,401
588,Murder is a form of overkill.,5 days ago,6
589,My 50 year kindergarten reunion is coming up soon and Im worried about the 175 pounds Ive gained since then,2 years ago,318
590,"My Ford was stolen, now I am unfocused.",1 month ago,6
591,"My Indian neighbor told me to get off his lawn but I said naw man, namaste.",3 days ago,3
592,My Mom used to say The way to a mans heart is through his stomach. Lovely woman. Terrible surgeon.,29 days ago,30
593,My New Years resolution is going to be 1080p.,2 months ago,334
594,My attitude towards gradients tend to slightly change over time...,7 months ago,208
595,"My blind wife burned her fingers on the stove, and now she feels bad.",1 month ago,10
596,"My boss said hell fire the employee with the worst posture and I have a hunch, it might be me.",1 year ago,408
597,"My boyfriend and I are made for eachother he thinks Im cute when I dont have my glasses on, and I think hes cute when I dont have my glasses on.",1 year ago,352
598,My buddy used to date a crosseyed girl until he found out she was seeing someone on the side.,2 years ago,252
599,"My cat spends so much time digging in the litter box, youd think hed lost his wallet.",1 month ago,4
600,My codependence was so bad I was incapable of being single. But then I started seeing a psychiatrist and wouldnt you guess it were getting married in May,1 month ago,7
601,"My cousin is gay in school while other kids were dissecting frogs, he was opening flies",9 months ago,209
602,My current wife hates it when I call her that.,1 month ago,1
603,"My dad died because we couldnt remember his blood type. He kept saying be positive, but it doesnt make it any easier.",24 days ago,57
604,My dad used to be really good at russian roulette.,1 year ago,477
605,My dad was so mad at my mom that he just called me son of a bitch.,2 months ago,37
606,My dentist girlfriend ditched me and hurt my fillings.,24 days ago,351
607,My doctor concluded that Im severely constipated. I really couldnt give a shit.,6 months ago,23
608,My doctor told me i had a drinking problem. Then i told him vodka is a mixture of alcohol suspended in a solvent of water. So i also have a drinking solution.,2 years ago,220
609,My dog is a son of a bitch,2 months ago,18
610,My extra sensitive toothpaste doesnt like it when I use other toothpastes,1 month ago,444
611,My extra sensitive toothpaste doesnt like it when I use other toothpastes.,1 year ago,353
612,"My eyes arent as sharp as they use to be, I used to stabbed witches with them",1 month ago,1
613,My family celebrates Columbus day by breaking into our neighbors house and discovering their furniture.,5 months ago,48
614,"My family couldnt agree on whether to get grandpa buried or cremated, so in the end, we just let him live.",6 months ago,367
615,My father only hit me once but he used a Ford.,1 year ago,232
616,My favorite instrument of torture is the recorder.,4 days ago,2
617,My favourite words are former and ladder,11 days ago,2
618,My flights are always cheap because all my baggage is emotional,5 months ago,47
619,"My friend told me that I just dont understand irony, which was ironic because we were at a bus stop at the time.",1 year ago,335
620,"My girlfriend is obsessed with collecting Beatles albums, she needs Help.",4 months ago,26
621,"My girlfriend tells me that Im indecisive, but Im not so sure about that.",2 days ago,6
622,"My girlfriend told me to go out and get something that would make her look sexy, so I got drunk",22 days ago,22
623,My grandad always used to say sticks and stones can break my bones but words could never hurt me ...until he fell into a printing press,2 months ago,317
624,My grandfather has the heart of a lion and a lifetime ban at the zoo,11 months ago,252
625,My imaginary girlfriend has real breasts,2 months ago,5
626,"My kinky GF wants to put glitter on my testicles, but I think thats pretty nuts.",3 months ago,390
627,My last girlfriend couldnt accept my obsession with horoscopes. In the end it Taurus apart.,10 days ago,31
628,"My mind is like an internet browser  I have 23 tabs open, 4 are frozen, and I dont know where the music is coming from.",1 year ago,300
629,My motherinlaw said my floors are dirty but I beg to swiffer.,1 month ago,7
630,My myelin sheath is really getting on my nerves.,6 months ago,209
631,"My neighbor was bragging about his new 1.8 liter Honda, so I told him I just bought a 2.0 liter Mountain Dew.",10 months ago,282
632,My neighbour keeps racing pigeons but the pigeons always win.,8 months ago,60
633,My new film about the death of Jesus is filled with easter eggs.,8 months ago,235
634,My nickname in college was The Love Machine. I sucked at tennis.,1 month ago,418
635,"My old cart has advanced features, like lane assist. When I drift out of my lane a female voice shouts get back in your damn lane you idiot Only seems to work when my wife is in the car.",1 month ago,1
636,"My only problem with Avengers Endgame is that at no time do Benedict Cumberbatch or Robert Downey Jr. say No shit, Sherlock to each other",10 months ago,837
637,My penis made it into the Guinness book of world records. But the librarian told me to take it out,1 year ago,458
638,"My record for no nut November, i just beat it",4 months ago,320
639,My sexual orientation is straighter than the pole your dad dances for me on.,4 months ago,22
640,"My sister dated a magazine salesman, but he had too many issues.",1 month ago,103
641,"My son thinks hes so smart now that hes learned how to recite pi, and now Ill never hear the end of it.",1 month ago,587
642,My superiority complex is better than yours.,16 days ago,16
643,My three favorite things are eating my family and not using commas.,2 years ago,975
644,My tripod is broken. I cant stand it.,13 days ago,65
645,My uncles a lion tamer. The bank foreclosed and took nearly everything but at least he still has his pride.,2 months ago,28
646,My vacuum cleaner sucks.,29 days ago,6
647,"My wife and I decided to spell bad words out so our kids dont learn them, so during our family supper last night l told her honey, we should STOP saying shit in front of the kids.",3 months ago,70
648,My wife got mad at me because Im bad with directions so I packed up my stuff and right,2 months ago,35
649,"My wife is really mad at the fact that I have no sense of direction, so I packed up my stuff and right.",1 year ago,364
650,My wife just found out I replaced our bed with a trampoline she hit the roof.,6 months ago,253
651,"My wife likes it when I blow air on her when shes hot, but honestly... Im not a fan.",6 months ago,534
652,My wife was pretty upset when she found out my nickname in college was The Love Machine i was pretty bad at tennis.,11 months ago,179
653,Neglect is a topic Ive always ignored.,2 months ago,206
654,Neil Armstrongs dad once ejaculated so hard that it eventually landed on the moon.,27 days ago,670
655,Never challenge Death to a pillow fight unless youre prepared to handle the reaper cushions.,5 months ago,399
656,"Never iron a 4leaf clover, because then you are just pressing your luck.",1 year ago,213
657,Never run with scissors and never scissor with the runs,1 month ago,292
658,"Never trust an atom, they make up everything.",2 months ago,301
659,"New presidential guidelines suggest you dont have to quarantine, but you should quaranten.",2 hours ago,0
660,"No matter how far you push the envelope, it will still be stationary.",1 year ago,211
661,"Nobody believed me when I told them I can chop down a tree just by looking at it, but I saw it with my own eyes.",1 year ago,437
662,Nostalgia isnt what it used to be.,25 days ago,505
663,"Not sure if they truly repented but, Bonnie  Clyde did become holy by the end of it all.",25 days ago,9
664,Nothing is as effective as homeopathy.,3 months ago,48
665,Nothing is foolproof to a sufficiently talented fool.,15 days ago,421
666,Obama and I have received over 135 million votes combined for president,2 months ago,22
667,"Of all the inventions of the last 100 years, the dry erase board has to be the most remarkable.",11 months ago,94
668,"Old MacDonald had computers do everything for him, AI AI O.",1 month ago,164
669,"On average, every person is the same age.",12 months ago,35
670,"On the other hand, you have different fingers.",10 months ago,269
671,Once all this Coronavirus shit is done with were all gonna be left with no fingerprints.,1 day ago,0
672,"Once you realize Trumps top military adviser is The Beach Boys it makes more sense why he wants to bomb bomb bomb, bomb bomb Iran.",2 months ago,327
673,One day i will be a scientist and invent an antiseptic that kills those remaining 0.01 germs.,1 month ago,16
674,"One mans Damn, shes crazy is another mans Damn, that dude was right.",1 month ago,41
675,"One night, as I was laying in bed, I looked up at the stars and thought to myself, what the fuck happened to my roof",1 year ago,410
676,Only after my friend drove into the lake did he learn the error of his Waze.,6 months ago,246
677,Opened a tin of spam found nothing but junk mail,1 month ago,4
678,"Our teacher told us that if we dont learn from our history, then we are doomed to repeat it next semester.",10 months ago,31
679,PAEDOPHILES ARE JUST FUCKING IMMATURE ASSHOLES,1 month ago,8
680,"Paradoxes are always untrue, except this one.",1 month ago,176
681,Parallel lines have so much in common. Its a shame theyll never meet,1 month ago,6
682,"Parking a single car doesnt need much space, but parking 200 cars, now that needs a lot...",2 years ago,221
683,Paying for a circumcision is such a ripoff,7 months ago,222
684,People are often shocked when they realize how bad of an electrician I am.,3 months ago,413
685,People are usually shocked when they find out I am not a good electrician.,25 days ago,520
686,"People in Dubai dont like the Flintstones, but the people in Abu Dhabi dooo",9 months ago,267
687,"People keep telling me my idea about a glue and rifle shop is stupid, but Im sticking to my guns",2 months ago,135
688,"People often say icy is the easiest word to spell and, looking at it now, I see why.",1 year ago,658
689,"People often say that my life must be tough living with erectile dysfunction but honestly, its not so hard.",8 months ago,371
690,People seem to like the Chinese flag. Its got five stars.,1 year ago,248
691,"People thought I had a spectrum disorder, until they realized that I was just plain stupid.",24 days ago,2
692,"People used to be nicer, these days the average person is mean.",1 year ago,289
693,People who buy sex dolls are fucking dummies,1 day ago,789
694,"People who cannot distinguish between etymology and entomology, bug me in ways in which I cannot put into words.",1 day ago,648
695,People who make bear puns should be mauled.,3 days ago,3
696,People who misuse the word literally are figuratively Hitler.,12 months ago,232
697,People who use hearing protection are being earresponsible.,21 days ago,529
698,People will hate you for leaving out one of the do in do not do,2 months ago,3
699,People write congrats because they cant spell congrajlashins.,3 months ago,27
700,Pop music makes balloons nervous,1 month ago,48
701,Probably the worst thing you can hear when youre wearing a bikini is Good for you,2 years ago,377
702,"Put down the phone, close your eyes, and just concentrate on driving.",9 months ago,361
703,Quitting smoking is easy Ive done it plenty of times.,1 year ago,279
704,R Kelly  taking the art out of rap artist,7 months ago,334
705,"RIP boiling water, you will be mist.",2 years ago,533
706,"Rape short word, long sentence.",1 year ago,224
707,Reach for the Stars might be insulting to a dwarf.,27 days ago,5
708,"Regardless of price, Velcro is always a rip off",11 months ago,146
709,Remains to be seen if glass coffins will be a success.,1 year ago,283
710,Riddles That Will Stump You Every Time,9 days ago,1
711,SPOILER ALERT The Never Ending Story ends.,10 months ago,48
712,Satan is one hell of a guy.,1 year ago,230
713,Secondhand coffins are hard to come by.,11 months ago,29
714,Sex is like pizza I never trust anyone who wants to involve ketchup in it.,2 months ago,8
715,Short people with umbrellas sometimes catch my eye.,24 days ago,13
716,Shouldnt have eaten that expired ketchup but Heinzsight is 2020,9 months ago,92
717,Shout out to all the people that are hard of hearing,6 months ago,24
718,Shout out to the people wondering what the opposite of in is,4 months ago,41
719,Shoutout to sidewalks for keeping me off the streets,1 month ago,48
720,Sign language is the least spoken language in the world.,2 years ago,474
721,Silence Is the most powerful scream,7 days ago,2
722,Similes  what are they like,1 month ago,5
723,"Smoking will kill you and bacon will kill you, but, smoking bacon, will cure it.",1 year ago,326
724,"So Im reading this fascinating book on Yellowstone Geyser, and the park ranger starts yelling at me, right...",1 month ago,8
725,So a shrimp fried my rice,28 days ago,9
726,So the Dalai Lama walks into a pizza place and asks Can you make me one with everything,6 days ago,9
727,Some december was the second coming of santa claus,1 month ago,0
728,Some people are wise and some otherwise.,9 months ago,249
729,Some people prefer their Marvin straight but I prefer my Marvin Gaye.,8 months ago,42
730,Some rude kids on the bus just texted each other I think that old creep is looking at our phones,6 days ago,720
731,Some see the glass as half full... I see the need to knock down the rest of this beer and order another before this ditzy bartender waltzes over to gab with those other patrons for another half hour.,7 days ago,2
732,Someone asked me what my occupation was. I said I never got that far because I was always preoccupied.,3 months ago,214
733,"Someone once asked me penny for your thoughts, to which I said I think thats pretty cheap, wheres my penny",1 month ago,4
734,"Someone tried to sell me a casket, thats the last thing I need.",4 months ago,25
735,Someone who frequents escorts is a buysexual.,2 months ago,14
736,"Sometimes I order bloody steak, but thats rare.",14 days ago,22
737,"Sommeliers are so ungrapeful, they just wine all day.",2 months ago,6
738,"Sorry I slapped you, but it didnt seem like youd ever stop talking so I panicked.",8 months ago,75
739,Sorry but ever since I started a routine of jogging at midnight I have been running late.,2 months ago,439
740,Sperm Bank staff be like Get a load of this guy.,17 days ago,34
741,Spice up your panic attack with a kazoo,1 month ago,18
742,Spiders are the only true web designers that enjoy finding bugs,4 months ago,114
743,Spiders are the only web developers happy to find bugs.,1 month ago,22
744,"Stairs may look down to earth, but theyre always up to something.",1 month ago,12
745,Statistically speaking only 1 in 7 Dwaves are happy,5 days ago,9
746,"Statistically, 6 out of 7 dwarves are not happy.",10 months ago,376
747,"Steve Irwin died how he lived, with animals in his heart.",7 months ago,309
748,Sting has been kidnapped. The Police have no lead.,1 year ago,663
749,Suicide is the last thing Id ever do.,2 months ago,33
750,"Sundays are always a little sad, but the day before is a sadder day..",2 months ago,18
751,Taller people sleep longer.,9 months ago,306
752,"Tattoo a W on both butt cheeks, so it says WoW MoM when doing naked cartwheels.",1 month ago,6
753,Teachers who cant explain properly make me question everything,1 month ago,1
754,"Technically, national anthems are just country music.",7 months ago,477
755,Tequilla probably wont fix your problems but its worth a shot.,2 months ago,440
756,Thank God Im an atheist,4 months ago,360
757,"Thanks for explaining the word many to me, it means a lot.",12 months ago,273
758,"That cow has 12 nipples, dozen tit",1 year ago,240
759,The Floor and I have an understanding.,11 days ago,9
760,The Super Bowl will be LIVe this year.,1 month ago,13
761,"The animal park Im at only has a dog, a real Shih Tzu if you ask me.",24 days ago,6
762,The best German sausage is the Wurst,11 days ago,5
763,The best Helen Keller jokes are the ones you dont see coming.,1 month ago,18
764,"The best thing about Japanese porn is they censor it, so I can watch it with my family.",1 month ago,454
765,The biggest downside to being short is that you cant always tell the difference between strep throat and hemorrhoids.,11 months ago,94
766,The closest I ever got to a 4.0 in High School was my blood alcohol content.,1 month ago,29
767,The closest Ive come to murder is holding Oreos under the milk until the bubbles stop.,6 months ago,268
768,The darkest time of my life was when I couldnt afford my electric bill,1 month ago,91
769,The difference between Capitalism and Communism,1 month ago,4
770,The difference between an alcoholic and a drunk is staggering.,3 months ago,273
771,The duck went from smoking meth to quack,4 days ago,8
772,The dyslexic devil worshipper sold his soul to santa.,9 months ago,297
773,"The early bird gets the worm, but the second mouse gets the cheese.",9 months ago,42
774,The easiest time to add insult to injury is when youre signing somebodys cast,1 year ago,245
775,"The easiest way to tell the difference between an alligator and a crocodile, is to pay attention to who who you see later, and who you see in a while.",3 months ago,396
776,"The first time I bought a universal remote control, i thought to myself, Now this changes everything",1 year ago,323
777,"The gender of an ant can be determined by throwing it into a puddle of water if it sinks its a girl ant, if it floats its a boy ant.",2 years ago,226
778,The human brain is awesome. It functions 247 from the moment we are born and only stops working when youre taking an exam,10 months ago,397
779,"The inventor of the anagram has died, may he erect a penis.",1 year ago,292
780,"The last thing my grandfather said to me before he kicked the bucket was  Hey, how far do you think I can kick this bucket",6 months ago,319
781,The last time someone was interested in my body was when I filled out my organ donor card.,6 days ago,19
782,The mermaid went to math class wearing her algae bra,7 months ago,293
783,The most convenient time to add insult to injury is when youre signing someones cast.,3 months ago,345
784,The movie castaway was just a really long fedex commercial,8 months ago,76
785,The number of virus cases has risen so much in my state that even strippers and hookers are required to work from home.,6 hours ago,1
786,The only B word Ill ever call my bitch is beautiful,7 months ago,550
787,The only reason I go the extra mile is because I missed my offramp.,8 months ago,325
788,The only thing harder than brainwashing someone is convincing someone that theyve been brainwashed.,2 months ago,3
789,The only time the word incorrectly isnt spelled incorrectly is when its spelled incorrectly,2 months ago,77
790,The only time the word incorrectly isnt spelled incorrectly is when its spelled incorrectly.,2 years ago,504
791,"The operas closed because of that damned virus, so Ill have to make do with Placebo Domingo.",2 days ago,2
792,"The person that named a blowjob a blowjob had one job, and they blew it.",2 months ago,23
793,The person who coined one hit wonder probably didnt come up with any other popular phrases.,3 months ago,510
794,"The person who proof read Hitlers speeches, was the original grammar Nazi.",8 months ago,573
795,"The police say that they burn all the weed they confiscate, so that would explain the doughnuts.",1 year ago,239
796,The race to Finland isnt over until you cross the Finnish line.,5 months ago,327
797,The reason Im such a Joker is that Ive never really been comfortable in a Suit.,26 days ago,7
798,The reason watches are often given as gifts upon retirement is that theres no present like the time.,1 month ago,197
799,"The research assistant, studying the effects of THC on shorebirds, was quite thorough in his duties  in fact he left no tern unstoned.",4 months ago,207
800,The right to be heard does not automatically include the right to be taken seriously.,25 days ago,7
801,The safest place to be during an earthquake would be in a stationary store.,3 days ago,10
802,"The semicolon is the halfass of punctuation if you want the whole ass, you have to put a colon there",2 months ago,7
803,The share button on reddit should be called spreddit,1 year ago,883
804,The shovel is groundbreaking technology.,2 months ago,19
805,The soft tissue between a sharks teeth is sometimes just a slow swimmer.,3 days ago,11
806,The substance on the inside of a fire hydrant is H2O whereas on the outside its K9P.,5 months ago,31
807,"The trouble with scolding your cat is that when you tell them to knock it off, they generally do.",2 days ago,4
808,The urge to sing the Lion Sleeps Tonight is only a whim away,2 months ago,7
809,"The whole world should be worried that North Korea has a missile that can hit New York, because if it can make it there, it can make it anywhere.",1 year ago,314
810,The wife says I have no respect for her privacy. At least thats what she wrote in her diary.,11 days ago,16
811,The word on the street is Graffiti,28 days ago,411
812,The word swims upside down is still swims.,11 months ago,234
813,"The world is halffull of pessimists, or halfempty depending on how you look at it.",2 months ago,310
814,"There are actually 8 dwarves in Snow White, but Kinky was left out of the film because he was a bit tied up during recording",7 months ago,386
815,"There are so many things I like about horses, but my favorite is all that hair running down their neck  thats the mane thing.",1 month ago,6
816,There are two types of people in this world1.those who can extrapolate from missing information,1 month ago,32
817,There is no I in denial.,1 year ago,401
818,There is no level of trust equal to that of cannibals giving each other oral sex.,1 month ago,357
819,There is no you in young,1 day ago,0
820,Theres a contortionist from the Philippines known as the Manilla Folder.,1 month ago,238
821,Theres a reason youre Robin and not Batman.,13 days ago,1
822,Theres a time and place for spontaneity.,1 month ago,36
823,Theres actually only one Bernie Sanders bumper sticker and we all take turns sharing it.,1 month ago,11
824,Theres no i in denial,1 month ago,37
825,Theres no i in denial.,2 months ago,144
826,Theres no i in team but theres a u in cunt,1 year ago,270
827,"Theres only one thing I dont like about halloween, which is..",8 months ago,29
828,"Theres plenty of fish in the sea, but until I catch one, Im stuck here just holding my rod.",2 months ago,365
829,"Theres two types of people in this world, one is able to draw conclusions from incomplete information.",1 year ago,216
830,These black hole articles just keep sucking me in,11 months ago,244
831,These coronavirus jokes are really going viral.,4 days ago,16
832,"They asked if i bartend, no, but i bar attend.",1 month ago,3
833,"They call me ALF, cause Ill eat your pussy.",1 month ago,2
834,They need to install better doors in the space of possibilities cuz theres too many things you can get into but cant get out of,1 month ago,1
835,"They say a picture is worth a thousand words, but if your word aint worth a dime, that puts an upper bound on your picture of 100.",9 days ago,485
836,"They say dogs are mans best friend, but even my worst enemy wouldnt look me in the eye while pooping on my carpet.",8 months ago,44
837,They wanted me to join their war but Iran.,2 months ago,183
838,"Theyre not inbred, theyre just genetically recursive.",1 month ago,3
839,This sentence is a lie.,16 days ago,6
840,"This sub is disappointing me lately, so Im going to try the meatball next time.",1 year ago,283
841,This year Im going to do Dry January and see if I can manage an entire month without any foreplay.,2 months ago,237
842,This year International Womens day is only 23 hours because of Daylight Savings. I expect better in 2020.,10 days ago,5
843,Those Make A Wish kids are so lucky.,14 days ago,4
844,Time flies when you throw an alarm clock across the room,1 month ago,15
845,"Times fun when youre having flies, Kermit said",1 month ago,244
846,Title,Datetime,0
847,"To all the people out there suffering with paranoia just remember, youre not alone.",11 months ago,542
848,"To be fair, I should stay out of the sun",3 months ago,287
849,"To be frank, Id have to change my name.",1 month ago,709
850,To be or not to be a horse rider. That is equestrian.,6 months ago,263
851,"To quit smoking, I only smoke after every meal. I am down to 40 meals a day.",2 years ago,232
852,"To spell panda, you only need P and A.",1 year ago,327
853,"To the guy who invented the number zero, thanks for nothing.",8 months ago,522
854,"To the guy who invented zero, thanks for nothing",3 months ago,486
855,To the idiot who stole my antidepressants... I hope youre happy now,2 months ago,19
856,"To the man on crutches, dressed in camouflage, who stole my wallet  you can hide, but you cant run.",2 years ago,226
857,"To the man wearing a mask while carrying home a box of beer, youre worried about the wrong type of corona killing you.",8 days ago,6
858,"To the people who are trying to overcome their paranoia, Im behind you all the way.",9 months ago,428
859,"Today I masturbated twenty five times, cant believe I pulled it off",1 month ago,38
860,Today I saw a broke down short bus.,2 months ago,0
861,"Today is Earth Day, and it should also become a day when normal people make fun of Flat Earthers",10 months ago,28
862,Tough shit if you do not eat enough fiber.,11 months ago,223
863,"True house cleaners arent just born, theyre maid.",7 months ago,350
864,"Turned myself into TSA today because of past issues with my mother, but apparently they have a different definition of unaccompanied baggage",1 month ago,7
865,Turning on your lights and sirens after losing a drag race is just poor sportsmanship.,1 month ago,502
866,"Turns out, birth is the leading cause of death",1 month ago,16
867,Two bed bugs fell in love and are getting married in the spring,1 month ago,39
868,Uber Eats Driver sounds like a cheesy horror flick.,1 month ago,8
869,Unorthodox people are all the same.,22 days ago,5
870,Vegans are like Christians they just wanna save you.,3 days ago,0
871,Voting for a woman president is racist to robot presidents,1 month ago,0
872,Walking into the drum shop like Id tap that,26 days ago,384
873,We call my aunt anti abortion which is pretty mean cause shes had 5 abortions,9 months ago,308
874,We call the beginning of the day morning because everyone is sad that they have to get out of bed,3 days ago,23
875,We dont negotiate with terrorists unless their demands are to take more of your time at the airport,6 months ago,142
876,We have a shortage of dwarves,10 days ago,11
877,Well well well...if it isnt autocorrect,15 days ago,48
878,"Were Gods roombas  hes let us free to roam, and we suck.",1 year ago,266
879,Were about to have a bad spell of wether.,2 years ago,235
880,"Were supposed to be on earth to help others, but what the others are here for I dont know.",11 months ago,163
881,Weve got big plans at the architecture firm.,10 days ago,6
882,What Youre from Turks AND Caicos,12 days ago,1
883,What do you get when you cross a freeway with a refrigerator Run over,20 days ago,4
884,What has 7 arms and sucks,1 month ago,0
885,"What has four letters, occasionally has twelve letters, always has six letters, but never has five letters.",1 month ago,326
886,"Whats the deal with the 14th of February , its just a date",1 month ago,5
887,"Whats the hassle with valentines day, its only a date",1 month ago,0
888,"When I die, Id like the word Humble to be written on my statue.",1 year ago,366
889,"When I escaped prison, the ugly security guard just screamed insecure",2 months ago,0
890,"When I was young, I used to think earwigs actually lived in your ears, so you can imagine how terrified I was of cockroaches.",1 year ago,396
891,"When hanging drywall, its better to screw it up than to nail it.",1 year ago,227
892,"When in doubt, mumble.",1 month ago,2
893,"When it comes to finding happiness, I have just about had it.",1 month ago,2
894,"When it comes to studying boxing, Ive been known to hit the books.",5 days ago,296
895,"When life gives you melons, youre probably dyslexic...",3 months ago,55
896,When life gives you melons...,2 months ago,5
897,"When life gives you writers block,",1 year ago,335
898,"When someone tells me to stop acting like a flamingo, thats when I put my foot down.",1 year ago,230
899,"When the assassin was hungry, the assassinate.",2 months ago,70
900,"When the doctors told me I was bipolar, I wasnt sure if I should laugh or cry.",3 months ago,45
901,"When the fire alarm went off and my colleague stopped to pick up pliers, I chastised him, this is not a drill",1 year ago,216
902,"When the interviewer asked me to, Describe myself in three words., I replied, Efficient.",1 year ago,290
903,"When youre given a choice between two different ways to get on a roof, always choose the ladder.",2 months ago,26
904,"Whenever I go to the park and someone asks me which child is mine, I like to tell them Im still deciding.",2 years ago,338
905,White boards are remarkable.,2 years ago,246
906,Why am I the only naked person at this gender reveal party,4 months ago,58
907,Why do German girls always say their age during sex,4 months ago,27
908,Why is it called a money shot and not a baby shower,7 months ago,254
909,Why is no one ever the right amount of whelmed,1 year ago,365
910,Why was the antivaxxers 4 year old child crying Midlife crisis.,2 months ago,21
911,Winter tip dont make snow angels in dog parks.,1 year ago,267
912,"Wish my wife would stop praying and just go to sleep, its Pastor bedtime",2 months ago,74
913,"With all these concerns about germs on hands, Im getting really tired of opening doors with my mouth...",3 days ago,10
914,With great reflexes comes great response ability.,8 months ago,48
915,"With the rise of selfdriving vehicles, its only a matter of time before we get a country song where a guys truck leaves him too.",2 years ago,457
916,Women do not get enough respect for their ass and titties,3 days ago,7
917,Women live longer than men beacuse most of them dont have a wife.,7 months ago,310
918,Women only call me ugly until they find out how much money I make then they call me ugly and poor.,1 year ago,417
919,Womens day,8 days ago,0
920,Write a wise saying and your name will live forever.  Anonymous.,9 months ago,25
921,"You can drink lava, but only once.",8 months ago,248
922,"You cant run through a camp site. You can only ran, because its past tents.",1 year ago,317
923,You cant spell subtext without butt sex,11 months ago,118
924,You have to hand it to blind prostitutes.,2 years ago,255
925,You know the cure for corona virus Lyme disease.,1 day ago,0
926,"You may not be the dumbest person on Earth, but you better hope he doesnt die.",11 months ago,30
927,You mention Botox these days and no even raises an eyebrow.,1 year ago,362
928,"Youd be jolly too, if you had a list of all the naughty girls and where they live.",2 months ago,473
929,Youll never be as lazy as whoever named the fireplace.,2 years ago,309
930,Youre just a piece of meat to me if Im just a piece of silicon to you,1 month ago,0
931,Youve got to hand it to blind prostitutes,11 months ago,195
932,a coon is black but a tycoon might be white,1 month ago,0
933,always thought being an adult wouldve involved more sex,15 days ago,5
934,average only half rhymes with a fridge and its not the half youd expect,2 months ago,2
935,call me the futsal shuffle because are you serious,1 month ago,4
936,diet without tea is just die.,2 months ago,6
937,dont be an intelligentass,1 month ago,0
938,i before e except after c is disproved by science.,1 year ago,281
939,i get extremely offended and downright devastated when people say I dont handle criticism well,2 months ago,9
940,i recently did one of those nude calendars for charity... child line were livid,1 month ago,3
941,iTouch Kids the Apple product that never made it past marketing.,3 months ago,288
942,im lefthanded so my left arm is definitely not the right arm to break,2 months ago,15
943,my brother called me from prison and said hey you know how we finish each others sentences,9 months ago,25
944,never in a million years would I ask a tambourine man to play a song for me,1 month ago,8
945,theres a thin line between conspiracy theorists and Chemtrails,16 days ago,4
946,yes but at the same time really means no and,14 days ago,7
